day,date,Synthetic_Short_Interest_Pct,News_Sentiment_Index,Retail_Hype_Index,Price_Action_Volatility
0,2022-01-01,14.15,0.0568,0.0238,0.119
1,2022-01-02,14.22,0.0402,0.0455,0.0902
2,2022-01-03,14.74,0.0729,0.0151,0.0374
3,2022-01-04,15.15,0.001,0.0144,0.0689
4,2022-01-05,16.18,0.0161,0.0366,0.0532
5,2022-01-06,15.33,0.0712,0.0008,0.0416
6,2022-01-07,14.37,0.0736,0.0339,0.0457
7,2022-01-08,15.85,0.0057,0.088,0.1204
8,2022-01-09,14.93,0.0956,0.0829,0.1287
9,2022-01-10,15.16,0.031,0.0841,0.0836
10,2022-01-11,15.59,0.0033,0.0877,0.0885
11,2022-01-12,15.23,0.0072,0.0116,0.0715
12,2022-01-13,15.55,0.0238,0.0668,0.0959
13,2022-01-14,15.31,0.0991,0.0221,0.1193
14,2022-01-15,16.53,0.0793,0.0071,0.1275
15,2022-01-16,16.64,0.0524,0.0481,0.1153
16,2022-01-17,16.25,0.035,0.0736,0.0731
17,2022-01-18,16.22,0.0638,0.0751,0.1003
18,2022-01-19,15.77,0.0198,0.0604,0.0864
19,2022-01-20,15.5,0.001,0.0255,0.0832
20,2022-01-21,16.75,0.0922,0.0581,0.0776
21,2022-01-22,16.18,0.0078,0.0124,0.0823
22,2022-01-23,15.56,0.0512,0.0272,0.0818
23,2022-01-24,15.59,0.0649,0.0741,0.1119
24,2022-01-25,15.37,0.0226,0.0443,0.0834
25,2022-01-26,15.83,0.0425,0.0992,0.1292
26,2022-01-27,15.78,0.0458,0.0188,0.0899
27,2022-01-28,17.08,0.0074,0.0094,0.0232
28,2022-01-29,16.11,0.0417,0.0573,0.1206
29,2022-01-30,15.77,0.0351,0.0245,0.0912
30,2022-01-31,16.01,0.0873,0.0337,0.1123
31,2022-02-01,16.48,0.0945,0.0687,0.107
32,2022-02-02,16.0,0.0961,0.0382,0.0942
33,2022-02-03,15.89,0.0043,0.0365,0.1147
34,2022-02-04,16.94,0.0572,0.0004,0.0305
35,2022-02-05,17.38,0.0145,0.0325,0.1175
36,2022-02-06,16.96,0.0389,0.0165,0.0447
37,2022-02-07,17.21,0.0932,0.0153,0.0763
38,2022-02-08,17.73,0.0747,0.0556,0.0535
39,2022-02-09,16.88,0.0794,0.0122,0.0424
40,2022-02-10,15.85,0.0728,0.0497,0.0641
41,2022-02-11,17.34,0.0733,0.0553,0.1435
42,2022-02-12,16.05,0.0039,0.0413,0.0428
43,2022-02-13,17.06,0.0644,0.0847,0.1552
44,2022-02-14,17.7,0.0079,0.0212,0.0331
45,2022-02-15,17.83,0.0462,0.0835,0.0655
46,2022-02-16,16.32,0.0962,0.0885,0.1327
47,2022-02-17,17.48,0.0008,0.0528,0.0987
48,2022-02-18,16.41,0.0791,0.0226,0.1162
49,2022-02-19,16.99,0.0801,0.0897,0.1192
50,2022-02-20,16.5,0.0269,0.0381,0.0421
51,2022-02-21,16.61,0.0687,0.0659,0.0724
52,2022-02-22,17.64,0.0998,0.0902,0.1712
53,2022-02-23,18.35,0.0704,0.0547,0.1214
54,2022-02-24,17.8,0.0111,0.0635,0.0604
55,2022-02-25,17.87,0.0518,0.0086,0.1236
56,2022-02-26,16.81,0.0393,0.0974,0.1315
57,2022-02-27,17.81,0.0628,0.0635,0.1292
58,2022-02-28,17.89,0.0616,0.0463,0.0926
59,2022-03-01,17.8,0.0561,0.0766,0.0977
60,2022-03-02,17.45,0.0189,0.0708,0.1075
61,2022-03-03,17.52,0.0191,0.0817,0.0821
62,2022-03-04,18.71,0.0985,0.0838,0.1402
63,2022-03-05,17.86,0.0356,0.0845,0.0579
64,2022-03-06,18.78,0.0143,0.085,0.1165
65,2022-03-07,17.26,0.0888,0.0255,0.0676
66,2022-03-08,17.17,0.0852,0.0078,0.0628
67,2022-03-09,17.28,0.0582,0.0005,0.1137
68,2022-03-10,18.19,0.0562,0.0551,0.1119
69,2022-03-11,18.41,0.0367,0.0368,0.1095
70,2022-03-12,17.7,0.0653,0.0888,0.115
71,2022-03-13,19.08,0.0831,0.0496,0.1152
72,2022-03-14,18.4,0.0803,0.079,0.0684
73,2022-03-15,18.72,0.0729,0.0956,0.1013
74,2022-03-16,19.17,0.0987,0.0898,0.1005
75,2022-03-17,18.23,0.0298,0.0488,0.0598
76,2022-03-18,18.31,0.0561,0.0857,0.0922
77,2022-03-19,19.14,0.0548,0.0139,0.1163
78,2022-03-20,18.97,0.0799,0.0455,0.117
79,2022-03-21,17.79,0.0596,0.0118,0.0462
80,2022-03-22,17.76,0.0488,0.0604,0.1338
81,2022-03-23,19.54,0.0327,0.0175,0.1137
82,2022-03-24,19.21,0.0099,0.0088,0.0225
83,2022-03-25,19.76,0.0055,0.0037,0.0795
84,2022-03-26,18.03,0.0232,0.0525,0.0457
85,2022-03-27,18.82,0.0707,0.0251,0.1191
86,2022-03-28,19.27,0.0521,0.0034,0.0426
87,2022-03-29,19.03,0.042,0.0991,0.0859
88,2022-03-30,18.21,0.0423,0.0396,0.0494
89,2022-03-31,18.32,0.0984,0.0006,0.0497
90,2022-04-01,18.22,0.0907,0.0602,0.1003
91,2022-04-02,18.37,0.0011,0.0348,0.0518
92,2022-04-03,19.91,0.0435,0.0906,0.1081
93,2022-04-04,19.52,0.0264,0.0165,0.0393
94,2022-04-05,19.66,0.0447,0.0558,0.106
95,2022-04-06,18.81,0.0526,0.0003,0.1128
96,2022-04-07,19.64,0.039,0.0134,0.0833
97,2022-04-08,19.53,0.0005,0.0259,0.0789
98,2022-04-09,20.37,0.0947,0.0549,0.1503
99,2022-04-10,20.42,0.0049,0.0546,0.0717
100,2022-04-11,20.33,0.0073,0.0679,0.1154
101,2022-04-12,19.42,0.0331,0.0626,0.0402
102,2022-04-13,19.35,0.0894,0.0472,0.1092
103,2022-04-14,20.13,0.037,0.096,0.1469
104,2022-04-15,18.84,0.0169,0.0645,0.0382
105,2022-04-16,19.97,0.0639,0.0352,0.0859
106,2022-04-17,19.87,0.0877,0.0096,0.0738
107,2022-04-18,19.18,0.0499,0.088,0.1539
108,2022-04-19,20.88,0.0806,0.0522,0.0595
109,2022-04-20,20.35,0.0206,0.0765,0.0905
110,2022-04-21,19.2,0.0558,0.0667,0.112
111,2022-04-22,20.15,0.0419,0.0184,0.0277
112,2022-04-23,20.04,0.0288,0.0101,0.0556
113,2022-04-24,20.81,0.0429,0.0021,0.094
114,2022-04-25,20.06,0.045,0.0781,0.0654
115,2022-04-26,19.55,0.078,0.0005,0.0724
116,2022-04-27,20.96,0.0353,0.0965,0.073
117,2022-04-28,20.57,0.0141,0.0969,0.1169
118,2022-04-29,20.07,0.0732,0.0563,0.0688
119,2022-04-30,20.83,0.0722,0.0084,0.1218
120,2022-05-01,21.24,0.0087,0.0213,0.0497
121,2022-05-02,21.02,0.0862,0.0389,0.0708
122,2022-05-03,20.4,0.0493,0.0249,0.0378
123,2022-05-04,20.32,0.0933,0.0867,0.0836
124,2022-05-05,21.5,0.0469,0.0526,0.0645
125,2022-05-06,20.6,0.079,0.0749,0.1432
126,2022-05-07,21.78,0.0208,0.019,0.1142
127,2022-05-08,19.96,0.031,0.0922,0.0543
128,2022-05-09,20.07,0.0037,0.0807,0.1281
129,2022-05-10,20.52,0.017,0.0409,0.1219
130,2022-05-11,20.22,0.0555,0.0362,0.0544
131,2022-05-12,21.33,0.0418,0.0871,0.094
132,2022-05-13,21.62,0.0879,0.0435,0.1308
133,2022-05-14,21.63,0.0123,0.0894,0.0859
134,2022-05-15,21.61,0.0052,0.036,0.0462
135,2022-05-16,20.31,0.0397,0.0385,0.062
136,2022-05-17,20.38,0.0462,0.0131,0.0861
137,2022-05-18,21.64,0.0687,0.0148,0.081
138,2022-05-19,20.41,0.0078,0.0176,0.0325
139,2022-05-20,21.21,0.0381,0.0539,0.0688
140,2022-05-21,20.51,0.0965,0.0201,0.1231
141,2022-05-22,21.18,0.0537,0.03,0.1235
142,2022-05-23,22.04,0.0099,0.0578,0.1269
143,2022-05-24,20.71,0.0682,0.0501,0.1385
144,2022-05-25,21.77,0.084,0.0864,0.1441
145,2022-05-26,20.97,0.0321,0.0972,0.1097
146,2022-05-27,22.19,0.0412,0.023,0.0769
147,2022-05-28,22.19,0.0546,0.0807,0.1335
148,2022-05-29,21.37,0.0557,0.0941,0.0742
149,2022-05-30,21.99,0.0579,0.0253,0.0531
150,2022-05-31,22.69,0.0117,0.0783,0.0773
151,2022-06-01,21.08,0.0778,0.0115,0.1165
152,2022-06-02,21.58,0.0079,0.0947,0.1377
153,2022-06-03,23.04,0.0884,0.0245,0.0914
154,2022-06-04,21.95,0.018,0.0414,0.0965
155,2022-06-05,22.53,0.0532,0.0299,0.1106
156,2022-06-06,21.83,0.0586,0.0088,0.0326
157,2022-06-07,21.46,0.0437,0.0196,0.0622
158,2022-06-08,22.51,0.0031,0.0474,0.075
159,2022-06-09,22.91,0.0822,0.0427,0.072
160,2022-06-10,23.12,0.0339,0.0022,0.0797
161,2022-06-11,22.89,0.0424,0.0599,0.0557
162,2022-06-12,22.76,0.0118,0.0994,0.107
163,2022-06-13,23.35,0.0451,0.0545,0.0563
164,2022-06-14,21.78,0.0518,0.0365,0.0685
165,2022-06-15,22.94,0.0751,0.0248,0.0523
166,2022-06-16,22.3,0.076,0.0894,0.1093
167,2022-06-17,21.98,0.0815,0.084,0.0715
168,2022-06-18,23.53,0.0922,0.0717,0.0944
169,2022-06-19,23.14,0.0907,0.0659,0.1135
170,2022-06-20,22.17,0.0824,0.0077,0.1339
171,2022-06-21,22.92,0.0833,0.0989,0.0997
172,2022-06-22,22.32,0.0055,0.0091,0.0692
173,2022-06-23,22.86,0.0614,0.0849,0.0916
174,2022-06-24,23.01,0.0634,0.0325,0.04
175,2022-06-25,22.31,0.099,0.0468,0.0807
176,2022-06-26,23.75,0.0397,0.0976,0.104
177,2022-06-27,23.88,0.0497,0.0205,0.048
178,2022-06-28,23.68,0.0056,0.021,0.0809
179,2022-06-29,22.97,0.0716,0.0934,0.1097
180,2022-06-30,23.22,0.0806,0.0242,0.0852
181,2022-07-01,23.2,0.0874,0.0218,0.0728
182,2022-07-02,22.62,0.002,0.0543,0.0479
183,2022-07-03,23.78,0.0827,0.0359,0.1134
184,2022-07-04,23.27,0.0457,0.0862,0.0781
185,2022-07-05,23.18,0.032,0.0473,0.0882
186,2022-07-06,23.34,0.087,0.0854,0.1121
187,2022-07-07,24.16,0.0789,0.0257,0.1368
188,2022-07-08,23.79,0.0269,0.0997,0.1366
189,2022-07-09,23.46,0.0996,0.0859,0.0954
190,2022-07-10,23.93,0.0667,0.0211,0.1123
191,2022-07-11,24.82,0.0348,0.0644,0.1057
192,2022-07-12,24.5,0.0045,0.0777,0.1162
193,2022-07-13,24.06,0.0769,0.0366,0.1315
194,2022-07-14,23.05,0.0407,0.0603,0.1249
195,2022-07-15,23.21,0.045,0.056,0.0759
196,2022-07-16,24.93,0.0852,0.0625,0.1422
197,2022-07-17,23.18,0.0941,0.0587,0.093
198,2022-07-18,24.74,0.0069,0.0376,0.0876
199,2022-07-19,24.37,0.0651,0.0693,0.0626
200,2022-07-20,23.83,0.0059,0.0068,0.0776
201,2022-07-21,23.85,0.0209,0.0961,0.1406
202,2022-07-22,24.09,0.0596,0.0564,0.0503
203,2022-07-23,24.21,0.0762,0.0017,0.1278
204,2022-07-24,24.22,0.0024,0.0194,0.0128
205,2022-07-25,23.91,0.0573,0.0611,0.061
206,2022-07-26,24.95,0.0009,0.062,0.059
207,2022-07-27,25.15,0.0016,0.0597,0.1029
208,2022-07-28,24.88,0.0667,0.0411,0.089
209,2022-07-29,24.24,0.0289,0.0044,0.0731
210,2022-07-30,24.22,0.0235,0.0633,0.1271
211,2022-07-31,24.08,0.0725,0.0562,0.1389
212,2022-08-01,25.19,0.0707,0.0865,0.1051
213,2022-08-02,25.7,0.082,0.0719,0.0781
214,2022-08-03,24.07,0.0937,0.072,0.1375
215,2022-08-04,24.52,0.0429,0.031,0.0394
216,2022-08-05,24.25,0.0921,0.0187,0.1426
217,2022-08-06,25.55,0.0367,0.0076,0.0985
218,2022-08-07,25.11,0.0792,0.0773,0.1023
219,2022-08-08,24.21,0.0821,0.0471,0.0649
220,2022-08-09,24.72,0.0443,0.0424,0.07
221,2022-08-10,24.98,0.0277,0.0047,0.093
222,2022-08-11,25.02,0.0101,0.0735,0.0438
223,2022-08-12,24.55,0.0452,0.0409,0.0965
224,2022-08-13,25.35,0.0479,0.0398,0.1201
225,2022-08-14,26.33,0.0661,0.0627,0.1487
226,2022-08-15,25.21,0.0475,0.0857,0.0924
227,2022-08-16,25.86,0.09,0.0289,0.0657
228,2022-08-17,26.53,0.0757,0.0926,0.1482
229,2022-08-18,25.99,0.0684,0.019,0.107
230,2022-08-19,26.47,0.0546,0.0218,0.0693
231,2022-08-20,25.49,0.0281,0.0291,0.032
232,2022-08-21,25.69,0.061,0.0956,0.1098
233,2022-08-22,25.64,0.0531,0.0141,0.089
234,2022-08-23,26.66,0.0749,0.0861,0.1005
235,2022-08-24,25.52,0.0757,0.0866,0.1506
236,2022-08-25,26.64,0.0807,0.0353,0.1063
237,2022-08-26,26.36,0.0739,0.0235,0.0589
238,2022-08-27,25.3,0.0231,0.0676,0.0703
239,2022-08-28,26.96,0.0329,0.0803,0.1092
240,2022-08-29,25.68,0.0171,0.0978,0.1016
241,2022-08-30,26.37,0.0777,0.0818,0.1072
242,2022-08-31,25.58,0.0496,0.0993,0.1208
243,2022-09-01,25.49,0.0742,0.0096,0.0678
244,2022-09-02,25.58,0.0213,0.067,0.09
245,2022-09-03,27.02,0.0674,0.074,0.1417
246,2022-09-04,25.65,0.0502,0.0028,0.0589
247,2022-09-05,26.81,0.0101,0.0677,0.0589
248,2022-09-06,26.92,0.0712,0.0712,0.1113
249,2022-09-07,26.85,0.0389,0.0567,0.1276
250,2022-09-08,26.19,0.0718,0.0533,0.1061
251,2022-09-09,26.03,0.0393,0.0459,0.0762
252,2022-09-10,25.88,0.0491,0.0634,0.0843
253,2022-09-11,26.1,0.0977,0.0927,0.0956
254,2022-09-12,26.42,0.0063,0.0743,0.0807
255,2022-09-13,25.82,0.0654,0.0044,0.0662
256,2022-09-14,26.53,0.0639,0.0672,0.0794
257,2022-09-15,26.16,0.0777,0.0149,0.1037
258,2022-09-16,27.59,0.0147,0.0762,0.1116
259,2022-09-17,26.1,0.0598,0.0012,0.1197
260,2022-09-18,26.11,0.0537,0.0069,0.0896
261,2022-09-19,27.24,0.0586,0.0385,0.0892
262,2022-09-20,26.88,0.0838,0.0936,0.1101
263,2022-09-21,26.9,0.0888,0.0963,0.0908
264,2022-09-22,27.75,0.0186,0.0465,0.0637
265,2022-09-23,26.6,0.0822,0.0972,0.0961
266,2022-09-24,27.69,0.0541,0.0696,0.0876
267,2022-09-25,26.96,0.0257,0.084,0.0911
268,2022-09-26,28.28,0.0322,0.0211,0.1047
269,2022-09-27,28.18,0.0381,0.062,0.0926
270,2022-09-28,27.89,0.0229,0.0319,0.1224
271,2022-09-29,27.86,0.0132,0.0577,0.0671
272,2022-09-30,26.6,0.0297,0.0103,0.1084
273,2022-10-01,28.45,0.082,0.0986,0.1038
274,2022-10-02,27.88,0.0237,0.0568,0.065
275,2022-10-03,26.87,0.0389,0.0726,0.1057
276,2022-10-04,28.13,0.0748,0.0446,0.0955
277,2022-10-05,27.39,0.0292,0.0355,0.0412
278,2022-10-06,28.3,0.0834,0.0965,0.085
279,2022-10-07,27.84,0.0764,0.0787,0.126
280,2022-10-08,28.49,0.0846,0.0158,0.1371
281,2022-10-09,27.05,0.0727,0.0524,0.0917
282,2022-10-10,28.47,0.0669,0.0292,0.1078
283,2022-10-11,27.4,0.0095,0.0102,0.0386
284,2022-10-12,27.55,0.0229,0.0599,0.0569
285,2022-10-13,27.68,0.0715,0.03,0.1312
286,2022-10-14,29.13,0.0904,0.0434,0.1101
287,2022-10-15,28.08,0.0191,0.0103,0.0572
288,2022-10-16,29.26,0.0445,0.0431,0.0592
289,2022-10-17,29.13,0.091,0.0616,0.0854
290,2022-10-18,28.85,0.0617,0.0278,0.046
291,2022-10-19,29.04,0.0399,0.0461,0.0728
292,2022-10-20,28.38,0.0387,0.0802,0.0603
293,2022-10-21,28.46,0.0468,0.0165,0.0399
294,2022-10-22,28.94,0.0894,0.042,0.1548
295,2022-10-23,29.5,0.0811,0.0546,0.1302
296,2022-10-24,28.31,0.0361,0.0782,0.0549
297,2022-10-25,28.23,0.0372,0.0988,0.1361
298,2022-10-26,29.65,0.0822,0.0097,0.1114
299,2022-10-27,28.58,0.0717,0.008,0.0798
300,2022-10-28,28.77,0.0463,0.0965,0.1232
301,2022-10-29,29.02,0.0808,0.0073,0.1404
302,2022-10-30,29.48,0.0777,0.042,0.1246
303,2022-10-31,29.67,0.0331,0.0809,0.0841
304,2022-11-01,28.26,0.021,0.0317,0.0684
305,2022-11-02,28.72,0.0403,0.0532,0.1362
306,2022-11-03,28.29,0.049,0.0303,0.0969
307,2022-11-04,29.83,0.0731,0.0786,0.1434
308,2022-11-05,29.73,0.0008,0.0805,0.0432
309,2022-11-06,28.75,0.0558,0.0265,0.1037
310,2022-11-07,29.04,0.0228,0.0842,0.0727
311,2022-11-08,28.78,0.0885,0.0705,0.0757
312,2022-11-09,28.53,0.0129,0.0396,0.0416
313,2022-11-10,30.45,0.0801,0.0115,0.1067
314,2022-11-11,29.09,0.0609,0.0174,0.0464
315,2022-11-12,28.7,0.025,0.0624,0.0839
316,2022-11-13,29.46,0.0242,0.0265,0.0694
317,2022-11-14,30.0,0.0518,0.0158,0.1255
318,2022-11-15,30.53,0.0544,0.0291,0.1014
319,2022-11-16,29.1,0.0622,0.0653,0.1241
320,2022-11-17,29.82,0.0667,0.0764,0.0929
321,2022-11-18,30.25,0.0091,0.0022,0.0662
322,2022-11-19,29.48,0.0752,0.025,0.1484
323,2022-11-20,29.79,0.0676,0.0386,0.1294
324,2022-11-21,30.74,0.0028,0.0847,0.1374
325,2022-11-22,30.13,0.0702,0.0591,0.0689
326,2022-11-23,30.32,0.0751,0.0996,0.175
327,2022-11-24,29.46,0.1012,0.0955,0.1499
328,2022-11-25,29.97,0.0475,0.0145,0.0638
329,2022-11-26,30.78,0.0149,0.0264,0.1088
330,2022-11-27,29.67,0.076,0.0416,0.1472
331,2022-11-28,29.73,0.0953,0.0918,0.104
332,2022-11-29,29.48,0.0522,0.085,0.1256
333,2022-11-30,30.46,0.0886,0.099,0.0954
334,2022-12-01,29.64,0.0854,0.0586,0.1101
335,2022-12-02,31.47,0.0815,0.0009,0.0942
336,2022-12-03,31.37,0.0553,0.0506,0.1172
337,2022-12-04,29.91,0.0998,0.0416,0.1111
338,2022-12-05,30.29,0.0746,0.0464,0.1393
339,2022-12-06,31.22,0.0619,0.0763,0.0975
340,2022-12-07,30.29,0.064,0.0304,0.1324
341,2022-12-08,30.78,0.0803,0.0356,0.0708
342,2022-12-09,31.3,0.0577,0.0441,0.0649
343,2022-12-10,31.68,0.0221,0.0291,0.0813
344,2022-12-11,30.08,0.0529,0.0108,0.0554
345,2022-12-12,31.04,0.0988,0.0546,0.1112
346,2022-12-13,31.89,0.0873,0.0027,0.0679
347,2022-12-14,30.58,0.0875,0.0844,0.157
348,2022-12-15,30.97,0.0718,0.0801,0.1168
349,2022-12-16,31.12,0.0872,0.0758,0.1636
350,2022-12-17,30.51,0.0689,0.0841,0.1312
351,2022-12-18,31.59,0.0356,0.0216,0.0683
352,2022-12-19,31.95,0.0191,0.0869,0.1694
353,2022-12-20,32.26,0.0265,0.0944,0.1051
354,2022-12-21,31.06,0.0994,0.0408,0.1874
355,2022-12-22,30.56,0.0363,0.0424,0.0806
356,2022-12-23,30.73,0.0186,0.0716,0.1019
357,2022-12-24,30.66,0.1077,0.0577,0.2011
358,2022-12-25,31.75,0.0757,0.005,0.0971
359,2022-12-26,30.9,0.0393,0.0134,0.1512
360,2022-12-27,31.49,0.098,0.0358,0.0996
361,2022-12-28,31.35,0.0888,0.0571,0.1561
362,2022-12-29,32.5,0.0765,0.005,0.1559
363,2022-12-30,31.25,0.0544,0.0698,0.1647
364,2022-12-31,31.45,0.0504,0.031,0.0924
365,2023-01-01,32.04,0.0193,0.0566,0.1516
366,2023-01-02,31.99,0.019,0.0796,0.1852
367,2023-01-03,31.33,0.0394,0.0395,0.1814
368,2023-01-04,31.47,0.0971,0.0609,0.1347
369,2023-01-05,32.49,0.0888,0.0335,0.1407
370,2023-01-06,31.59,0.0201,0.0431,0.1325
371,2023-01-07,32.73,0.0742,0.0885,0.1649
372,2023-01-08,31.84,0.0741,0.0724,0.208
373,2023-01-09,33.18,0.0552,0.0362,0.2021
374,2023-01-10,31.91,0.0728,0.0668,0.1348
375,2023-01-11,31.97,0.0409,0.0562,0.1227
376,2023-01-12,32.51,0.1072,0.0431,0.2106
377,2023-01-13,31.5,0.063,0.0412,0.1587
378,2023-01-14,32.63,0.0588,0.0803,0.2047
379,2023-01-15,32.07,0.0608,0.0684,0.197
380,2023-01-16,32.51,0.0673,0.0178,0.2116
381,2023-01-17,32.5,0.0657,0.07,0.1478
382,2023-01-18,33.48,0.0712,0.0837,0.224
383,2023-01-19,32.87,0.0655,0.049,0.1535
384,2023-01-20,33.37,0.0662,0.0071,0.1273
385,2023-01-21,32.76,0.0384,0.0961,0.2267
386,2023-01-22,33.02,0.1258,0.0088,0.2248
387,2023-01-23,33.23,0.1042,0.0392,0.2316
388,2023-01-24,32.63,0.0636,0.0788,0.2598
389,2023-01-25,32.51,0.1229,0.1063,0.2424
390,2023-01-26,32.52,0.1136,0.0567,0.2448
391,2023-01-27,32.34,0.131,0.0806,0.3002
392,2023-01-28,32.47,0.1339,0.0914,0.2339
393,2023-01-29,33.45,0.0808,0.0629,0.2195
394,2023-01-30,32.93,0.113,0.0974,0.2945
395,2023-01-31,33.66,0.0825,0.0503,0.2412
396,2023-02-01,33.51,0.1255,0.0645,0.2797
397,2023-02-02,33.35,0.147,0.0905,0.3244
398,2023-02-03,34.32,0.1503,0.0615,0.2999
399,2023-02-04,34.39,0.1428,0.0672,0.332
400,2023-02-05,33.75,0.1013,0.0569,0.3224
401,2023-02-06,33.66,0.1585,0.1124,0.3193
402,2023-02-07,32.94,0.1373,0.0526,0.2884
403,2023-02-08,33.73,0.1734,0.0755,0.3441
404,2023-02-09,32.68,0.1075,0.07,0.3609
405,2023-02-10,34.03,0.1922,0.1271,0.3588
406,2023-02-11,32.91,0.1604,0.046,0.3245
407,2023-02-12,33.7,0.1349,0.0745,0.3919
408,2023-02-13,34.18,0.1682,0.0962,0.3559
409,2023-02-14,33.57,0.1629,0.106,0.4078
410,2023-02-15,34.76,0.1961,0.1246,0.3652
411,2023-02-16,33.77,0.1661,0.166,0.3962
412,2023-02-17,33.95,0.2021,0.1466,0.4838
413,2023-02-18,34.51,0.2122,0.171,0.4603
414,2023-02-19,34.0,0.1971,0.1576,0.4588
415,2023-02-20,35.15,0.1638,0.1646,0.4766
416,2023-02-21,34.15,0.2002,0.1973,0.506
417,2023-02-22,33.84,0.2169,0.191,0.5138
418,2023-02-23,35.05,0.251,0.2059,0.5434
419,2023-02-24,34.52,0.2156,0.2183,0.557
420,2023-02-25,33.67,0.262,0.2095,0.5957
421,2023-02-26,34.04,0.3015,0.2012,0.6252
422,2023-02-27,34.76,0.3208,0.2054,0.587
423,2023-02-28,35.06,0.2615,0.2257,0.6056
424,2023-03-01,33.84,0.2717,0.2848,0.6797
425,2023-03-02,35.53,0.3147,0.2853,0.7003
426,2023-03-03,35.56,0.3583,0.3867,0.7406
427,2023-03-04,34.53,0.3668,0.3419,0.7815
428,2023-03-05,33.92,0.4016,0.3915,0.766
429,2023-03-06,35.22,0.3987,0.4343,0.8683
430,2023-03-07,35.1,0.4104,0.485,0.8132
431,2023-03-08,34.0,0.4467,0.5053,0.8617
432,2023-03-09,34.05,0.4511,0.6235,0.9209
433,2023-03-10,34.85,0.4937,0.658,0.9993
434,2023-03-11,34.36,0.4461,0.6064,0.9266
435,2023-03-12,32.97,0.3961,0.4947,0.9204
436,2023-03-13,32.11,0.3675,0.4842,0.8745
437,2023-03-14,31.37,0.3397,0.4474,0.7734
438,2023-03-15,30.75,0.381,0.4013,0.8238
439,2023-03-16,29.76,0.3376,0.3958,0.7048
440,2023-03-17,28.97,0.2858,0.3811,0.7185
441,2023-03-18,29.05,0.278,0.3228,0.6824
442,2023-03-19,28.38,0.3056,0.301,0.7115
443,2023-03-20,26.94,0.2682,0.2245,0.6174
444,2023-03-21,26.71,0.3031,0.2663,0.576
445,2023-03-22,25.82,0.2621,0.2639,0.5974
446,2023-03-23,24.9,0.2994,0.2526,0.572
447,2023-03-24,25.09,0.2551,0.2214,0.585
448,2023-03-25,24.45,0.2161,0.1608,0.4726
449,2023-03-26,23.13,0.2356,0.1356,0.5182
450,2023-03-27,22.45,0.2606,0.1389,0.5061
451,2023-03-28,21.9,0.2486,0.111,0.5004
452,2023-03-29,21.58,0.2289,0.148,0.4164
453,2023-03-30,20.9,0.2458,0.1684,0.4873
454,2023-03-31,20.56,0.2151,0.0903,0.4189
455,2023-04-01,20.38,0.2137,0.1324,0.4011
456,2023-04-02,19.31,0.1392,0.1305,0.4161
457,2023-04-03,19.71,0.1669,0.075,0.3596
458,2023-04-04,18.81,0.1483,0.0572,0.3639
459,2023-04-05,18.13,0.1627,0.1234,0.3466
460,2023-04-06,18.3,0.1493,0.0705,0.3462
461,2023-04-07,17.37,0.1605,0.0587,0.2984
462,2023-04-08,17.08,0.1461,0.0698,0.3451
463,2023-04-09,17.01,0.114,0.1138,0.2989
464,2023-04-10,16.43,0.1242,0.0282,0.3386
465,2023-04-11,15.35,0.163,0.0523,0.3306
466,2023-04-12,15.7,0.1203,0.0977,0.2546
467,2023-04-13,14.86,0.1509,0.1088,0.307
468,2023-04-14,14.4,0.0968,0.0359,0.2576
469,2023-04-15,14.72,0.1204,0.0675,0.256
470,2023-04-16,14.25,0.157,0.0753,0.3004
471,2023-04-17,13.53,0.153,0.0416,0.2354
472,2023-04-18,13.59,0.0737,0.0544,0.2015
473,2023-04-19,13.1,0.1427,0.0922,0.2654
474,2023-04-20,12.75,0.07,0.0947,0.1989
475,2023-04-21,11.77,0.1347,0.0298,0.234
476,2023-04-22,11.73,0.0916,0.0997,0.271
477,2023-04-23,11.45,0.1417,0.0571,0.2618
478,2023-04-24,11.57,0.0432,0.0623,0.2359
479,2023-04-25,11.54,0.124,0.0907,0.2748
480,2023-04-26,11.19,0.068,0.0876,0.2173
481,2023-04-27,10.63,0.1268,0.0284,0.1921
482,2023-04-28,9.95,0.132,0.0771,0.2698
483,2023-04-29,9.81,0.0794,0.0974,0.2453
484,2023-04-30,9.9,0.104,0.075,0.2011
485,2023-05-01,10.03,0.1295,0.0567,0.2001
486,2023-05-02,9.05,0.079,0.0599,0.1692
487,2023-05-03,9.15,0.0676,0.0887,0.2416
488,2023-05-04,9.09,0.0611,0.0389,0.1529
489,2023-05-05,9.12,0.113,0.0163,0.1559
490,2023-05-06,8.07,0.0477,0.0618,0.1775
491,2023-05-07,8.7,0.0563,0.0416,0.1523
492,2023-05-08,7.74,0.0866,0.0433,0.2178
493,2023-05-09,8.27,0.0424,0.0377,0.1016
494,2023-05-10,8.0,0.0564,0.0217,0.1405
495,2023-05-11,7.86,0.0614,0.0233,0.1599
496,2023-05-12,6.93,0.0672,0.0171,0.159
497,2023-05-13,7.34,0.0273,0.0572,0.1827
498,2023-05-14,6.85,0.0917,0.0836,0.1621
499,2023-05-15,6.39,0.0936,0.0711,0.1376
500,2023-05-16,6.56,0.0457,0.0753,0.1386
501,2023-05-17,6.2,0.0517,0.0682,0.1448
502,2023-05-18,6.28,0.0215,0.0514,0.1476
503,2023-05-19,6.12,0.1016,0.0532,0.1127
504,2023-05-20,5.97,0.0183,0.0265,0.1034
505,2023-05-21,5.4,0.1054,0.0275,0.119
506,2023-05-22,5.15,0.0859,0.0355,0.1327
507,2023-05-23,5.89,0.1043,0.0504,0.1133
508,2023-05-24,5.08,0.0543,0.074,0.155
509,2023-05-25,4.94,0.0545,0.0176,0.101
510,2023-05-26,5.05,0.1059,0.0823,0.177
511,2023-05-27,4.6,0.0996,0.0111,0.1041
512,2023-05-28,5.31,0.0471,0.0203,0.1238
513,2023-05-29,5.04,0.0263,0.0167,0.0538
514,2023-05-30,4.56,0.0772,0.0893,0.1407
515,2023-05-31,4.93,0.0813,0.0722,0.1074
516,2023-06-01,4.25,0.0963,0.0638,0.1667
517,2023-06-02,3.92,0.0608,0.0787,0.1426
518,2023-06-03,4.15,0.076,0.0775,0.1125
519,2023-06-04,3.59,0.1054,0.0367,0.1575
520,2023-06-05,3.51,0.0337,0.0714,0.0933
521,2023-06-06,3.84,0.0925,0.0433,0.1513
522,2023-06-07,3.69,0.0973,0.0006,0.1016
523,2023-06-08,3.62,0.0341,0.0817,0.136
524,2023-06-09,3.63,0.0808,0.0224,0.1558
525,2023-06-10,3.41,0.0905,0.024,0.0996
526,2023-06-11,3.47,0.0837,0.0246,0.0882
527,2023-06-12,3.6,0.0641,0.0471,0.1049
528,2023-06-13,2.92,0.0296,0.0514,0.098
529,2023-06-14,3.46,0.0119,0.0956,0.1503
530,2023-06-15,3.02,0.0556,0.0543,0.0896
531,2023-06-16,3.05,0.0434,0.0631,0.069
532,2023-06-17,3.31,0.0274,0.0818,0.1318
533,2023-06-18,3.08,0.0989,0.0527,0.1774
534,2023-06-19,3.09,0.0872,0.0876,0.1798
535,2023-06-20,2.31,0.0613,0.0338,0.1259
536,2023-06-21,2.3,0.0075,0.0811,0.1177
537,2023-06-22,2.8,0.0023,0.0378,0.033
538,2023-06-23,2.6,0.0481,0.0586,0.1239
539,2023-06-24,2.36,0.0872,0.0243,0.1046
540,2023-06-25,2.19,0.0763,0.0646,0.1254
541,2023-06-26,2.51,0.0035,0.058,0.129
542,2023-06-27,2.04,0.0607,0.0396,0.0883
543,2023-06-28,1.88,0.0301,0.0843,0.0858
544,2023-06-29,2.36,0.0071,0.0839,0.0986
545,2023-06-30,2.19,0.0513,0.0762,0.136
546,2023-07-01,2.44,0.012,0.0225,0.0846
547,2023-07-02,1.61,0.086,0.0766,0.0846
548,2023-07-03,1.62,0.0109,0.0532,0.1281
549,2023-07-04,2.41,0.017,0.0274,0.0902
550,2023-07-05,1.83,0.0719,0.054,0.0762
551,2023-07-06,2.12,0.0837,0.0975,0.1668
552,2023-07-07,1.75,0.0333,0.0198,0.0539
553,2023-07-08,2.03,0.0741,0.0386,0.1242
554,2023-07-09,1.61,0.0054,0.0463,0.086
555,2023-07-10,1.19,0.0949,0.0714,0.0965
556,2023-07-11,1.32,0.0365,0.0971,0.1517
557,2023-07-12,1.88,0.0816,0.0238,0.1439
558,2023-07-13,1.8,0.0775,0.0589,0.1568
559,2023-07-14,1.19,0.0093,0.0802,0.142
560,2023-07-15,1.91,0.0096,0.0303,0.0313
561,2023-07-16,1.36,0.0368,0.0192,0.0866
562,2023-07-17,1.25,0.0997,0.0882,0.0886
563,2023-07-18,1.78,0.0695,0.0739,0.0686
564,2023-07-19,1.24,0.0036,0.0838,0.1331
565,2023-07-20,1.55,0.0671,0.0154,0.1005
566,2023-07-21,1.06,0.0191,0.0806,0.1304
567,2023-07-22,1.6,0.0166,0.069,0.0669
568,2023-07-23,0.9,0.0311,0.0192,0.1044
569,2023-07-24,1.2,0.0079,0.0562,0.0748
570,2023-07-25,1.1,0.0644,0.0766,0.1589
571,2023-07-26,1.03,0.0033,0.0822,0.1027
572,2023-07-27,1.01,0.0082,0.0553,0.0673
573,2023-07-28,0.74,0.0331,0.0806,0.0804
574,2023-07-29,1.0,0.081,0.043,0.0752
575,2023-07-30,0.51,0.0004,0.0093,0.0477
576,2023-07-31,1.35,0.0616,0.0045,0.0491
577,2023-08-01,0.76,0.0708,0.0498,0.0962
578,2023-08-02,0.84,0.0105,0.087,0.1279
579,2023-08-03,0.87,0.0407,0.0244,0.0751
580,2023-08-04,1.32,0.0231,0.0047,0.0297
581,2023-08-05,0.6,0.0926,0.0232,0.0516
582,2023-08-06,0.43,0.0337,0.0337,0.1195
583,2023-08-07,0.76,0.0424,0.0828,0.0987
584,2023-08-08,0.51,0.0645,0.0013,0.0755
585,2023-08-09,0.64,0.0898,0.0162,0.1287
586,2023-08-10,1.16,0.0919,0.0344,0.0914
587,2023-08-11,1.06,0.0564,0.0767,0.139
588,2023-08-12,0.52,0.0893,0.0422,0.0783
589,2023-08-13,1.15,0.0136,0.0988,0.0538
590,2023-08-14,0.79,0.0081,0.0471,0.0399
591,2023-08-15,0.95,0.0274,0.0338,0.1112
592,2023-08-16,0.33,0.017,0.0157,0.0391
593,2023-08-17,0.34,0.003,0.0393,0.0747
594,2023-08-18,1.06,0.0572,0.0457,0.1413
595,2023-08-19,0.91,0.0979,0.0373,0.0759
596,2023-08-20,0.72,0.0108,0.012,0.1113
597,2023-08-21,1.0,0.0327,0.0281,0.0552
598,2023-08-22,1.06,0.015,0.0337,0.0445
599,2023-08-23,1.02,0.0149,0.0087,0.0916
600,2023-08-24,0.22,0.0456,0.0486,0.0644
601,2023-08-25,0.76,0.0089,0.0956,0.1239
602,2023-08-26,0.34,0.0388,0.0217,0.0671
603,2023-08-27,0.83,0.014,0.0613,0.0892
604,2023-08-28,0.1,0.0133,0.0533,0.0591
605,2023-08-29,0.52,0.0392,0.0393,0.0891
606,2023-08-30,0.68,0.0188,0.0916,0.1024
607,2023-08-31,0.78,0.0294,0.0335,0.0479
608,2023-09-01,0.52,0.0409,0.0136,0.0562
609,2023-09-02,0.06,0.0497,0.0647,0.0724
610,2023-09-03,0.1,0.0441,0.0831,0.0756
611,2023-09-04,0.51,0.0997,0.0564,0.1424
612,2023-09-05,0.39,0.0741,0.0529,0.1455
613,2023-09-06,0.19,0.0603,0.0478,0.0653
614,2023-09-07,0.21,0.0187,0.0892,0.067
615,2023-09-08,0,0.0635,0.0025,0.1246
616,2023-09-09,0.14,0.0971,0.0836,0.1392
617,2023-09-10,0.23,0.0208,0.0298,0.031
618,2023-09-11,0.44,0.0958,0.0459,0.0907
619,2023-09-12,0.55,0.038,0.0414,0.0429
620,2023-09-13,0.81,0.0681,0.0592,0.0688
621,2023-09-14,0,0.0669,0.0474,0.0623
622,2023-09-15,0.66,0.0316,0.0612,0.1354
623,2023-09-16,0.6,0.0339,0.0531,0.093
624,2023-09-17,0,0.0376,0.0621,0.0497
625,2023-09-18,0,0.0735,0.0513,0.12
626,2023-09-19,0.59,0.0602,0.0786,0.1041
627,2023-09-20,0.51,0.049,0.0996,0.0708
628,2023-09-21,0.71,0.0126,0.0407,0.0235
629,2023-09-22,0,0.0917,0.0251,0.1034
630,2023-09-23,0.03,0.0119,0.083,0.0532
631,2023-09-24,0.16,0.0412,0.0913,0.1093
632,2023-09-25,0.34,0.0576,0.0545,0.0553
633,2023-09-26,0.44,0.0868,0.0434,0.1477
634,2023-09-27,0.24,0.0257,0.0501,0.109
635,2023-09-28,0.49,0.0624,0.0531,0.1065
636,2023-09-29,0,0.086,0.0064,0.1369
637,2023-09-30,0.31,0.0352,0.0657,0.0687
638,2023-10-01,0,0.0947,0.0096,0.0826
639,2023-10-02,0.01,0.013,0.0293,0.0546
640,2023-10-03,0.61,0.0899,0.0399,0.1083
641,2023-10-04,0,0.0009,0.0588,0.0311
642,2023-10-05,0,0.0452,0.0585,0.1033
643,2023-10-06,0.43,0.0934,0.025,0.106
644,2023-10-07,0.01,0.0618,0.0104,0.05
645,2023-10-08,0.54,0.0064,0.0443,0.033
646,2023-10-09,0.07,0.087,0.0315,0.0748
647,2023-10-10,0.43,0.0854,0.0936,0.1293
648,2023-10-11,0.58,0.0137,0.0246,0.0228
649,2023-10-12,0.27,0.0295,0.0183,0.098
650,2023-10-13,0.08,0.0368,0.0587,0.0465
651,2023-10-14,0,0.0652,0.012,0.0895
652,2023-10-15,0.44,0.0929,0.0651,0.0917
653,2023-10-16,0,0.0504,0.0093,0.0594
654,2023-10-17,0.11,0.0943,0.0485,0.0853
655,2023-10-18,0.13,0.097,0.0705,0.1365
656,2023-10-19,0.57,0.0829,0.0871,0.1366
657,2023-10-20,0.28,0.0619,0.0138,0.1231
658,2023-10-21,0.5,0.0918,0.0499,0.1112
659,2023-10-22,0.21,0.065,0.0222,0.0576
660,2023-10-23,0.08,0.0286,0.0779,0.0765
661,2023-10-24,0,0.0253,0.0163,0.0634
662,2023-10-25,0.17,0.0482,0.0237,0.1094
663,2023-10-26,0.06,0.0094,0.0083,0.0623
664,2023-10-27,0.15,0.0903,0.0398,0.0927
665,2023-10-28,0.54,0.0053,0.038,0.0499
666,2023-10-29,0,0.0639,0.0185,0.0849
667,2023-10-30,0,0.0388,0.0486,0.1182
668,2023-10-31,0.22,0.0535,0.0716,0.0901
669,2023-11-01,0.37,0.0122,0.0102,0.0952
670,2023-11-02,0,0.0803,0.0266,0.0677
671,2023-11-03,0,0.0294,0.0841,0.096
672,2023-11-04,0,0.079,0.0556,0.1328
673,2023-11-05,0.57,0.0098,0.0372,0.1103
674,2023-11-06,0.55,0.0544,0.0877,0.1173
675,2023-11-07,0.14,0.0476,0.0001,0.0382
676,2023-11-08,0,0.0749,0.028,0.0674
677,2023-11-09,0.34,0.0789,0.0911,0.149
678,2023-11-10,0.18,0.0169,0.0618,0.0455
679,2023-11-11,0,0.0109,0.0319,0.0892
680,2023-11-12,0.51,0.004,0.0575,0.0856
681,2023-11-13,0,0.02,0.067,0.1097
682,2023-11-14,0,0.0785,0.0562,0.0674
683,2023-11-15,0,0.0265,0.0577,0.1228
684,2023-11-16,0,0.0277,0.036,0.0593
685,2023-11-17,0,0.0799,0.0008,0.041
686,2023-11-18,0,0.0166,0.0068,0.0729
687,2023-11-19,0.1,0.0997,0.098,0.1396
688,2023-11-20,0.33,0.0303,0.0371,0.0496
689,2023-11-21,0,0.0747,0.0786,0.0622
690,2023-11-22,0,0.0177,0.0034,0.0142
691,2023-11-23,0,0.0355,0.0238,0.1167
692,2023-11-24,0,0.0199,0.0018,0.0356
693,2023-11-25,0,0.0582,0.0919,0.1449
694,2023-11-26,0,0.0338,0.0388,0.1289
695,2023-11-27,0.3,0.0519,0.0463,0.0693
696,2023-11-28,0,0.0168,0.0401,0.0418
697,2023-11-29,0,0.0436,0.0647,0.1372
698,2023-11-30,0.36,0.0013,0.0041,0.025
699,2023-12-01,0.35,0.0245,0.0689,0.101
700,2023-12-02,0.06,0.0834,0.0763,0.1638
701,2023-12-03,0,0.0907,0.0041,0.0907
702,2023-12-04,0.52,0.0732,0.015,0.0924
703,2023-12-05,0,0.0561,0.0724,0.1415
704,2023-12-06,0.19,0.0866,0.083,0.0971
705,2023-12-07,0,0.0476,0.0153,0.1142
706,2023-12-08,0.25,0.0878,0.0686,0.119
707,2023-12-09,0.26,0.0367,0.0485,0.0545
708,2023-12-10,0,0.0856,0.0929,0.1027
709,2023-12-11,0,0.0006,0.0129,0.0312
710,2023-12-12,0.48,0.0592,0.0419,0.0638
711,2023-12-13,0.03,0.0071,0.0682,0.0844
712,2023-12-14,0.52,0.0658,0.0703,0.1108
713,2023-12-15,0,0.0663,0.0934,0.1083
714,2023-12-16,0,0.0595,0.0254,0.1195
715,2023-12-17,0,0.0314,0.0103,0.0299
716,2023-12-18,0,0.0222,0.0336,0.1117
717,2023-12-19,0.11,0.0338,0.0525,0.1234
718,2023-12-20,0,0.0568,0.0055,0.1026
719,2023-12-21,0.28,0.0132,0.051,0.0708
720,2023-12-22,0.33,0.0477,0.0595,0.0566
721,2023-12-23,0,0.076,0.0967,0.1216
722,2023-12-24,0,0.0879,0.0278,0.0983
723,2023-12-25,0,0.0152,0.0107,0.056
724,2023-12-26,0.33,0.0642,0.0764,0.0981
725,2023-12-27,0,0.0685,0.0969,0.0838
726,2023-12-28,0,0.0878,0.0183,0.0988
727,2023-12-29,0.15,0.0562,0.0497,0.1043
728,2023-12-30,0,0.0641,0.0257,0.0859
729,2023-12-31,0.42,0.0411,0.0314,0.054
730,2024-01-01,0,0.0141,0.0535,0.1144
731,2024-01-02,0.16,0.0342,0.0007,0.0364
732,2024-01-03,0,0.051,0.0078,0.0958
733,2024-01-04,0,0.0433,0.0196,0.0285
734,2024-01-05,0.45,0.0626,0.0945,0.1339
735,2024-01-06,0.09,0.0084,0.0124,0.0182
736,2024-01-07,0.48,0.0494,0.0241,0.1249
737,2024-01-08,0.4,0.0716,0.018,0.1173
738,2024-01-09,0,0.0829,0.0801,0.0889
739,2024-01-10,0,0.0796,0.027,0.0617
740,2024-01-11,0,0.0132,0.0779,0.1299
741,2024-01-12,0,0.0944,0.023,0.0765
742,2024-01-13,0,0.0108,0.0418,0.1125
743,2024-01-14,0,0.0123,0.0943,0.1258
744,2024-01-15,0.0,0.0745,0.033,0.1001
745,2024-01-16,0.17,0.0781,0.0014,0.1152
746,2024-01-17,0.1,0.0322,0.092,0.1455
747,2024-01-18,0,0.0185,0.0366,0.0675
748,2024-01-19,0,0.0846,0.0249,0.0521
749,2024-01-20,0.35,0.0327,0.0785,0.1348
750,2024-01-21,0,0.089,0.0742,0.0883
751,2024-01-22,0.49,0.0143,0.0703,0.0552
752,2024-01-23,0.26,0.0746,0.0535,0.0626
753,2024-01-24,0,0.0559,0.0671,0.1123
754,2024-01-25,0.32,0.0214,0.0129,0.0385
755,2024-01-26,0,0.0459,0.0491,0.0579
756,2024-01-27,0.48,0.0298,0.081,0.0445
757,2024-01-28,0.14,0.0317,0.0375,0.0921
758,2024-01-29,0,0.0987,0.0819,0.1298
759,2024-01-30,0,0.0385,0.0948,0.1457
760,2024-01-31,0,0.0401,0.0574,0.0665
761,2024-02-01,0.5,0.0587,0.0972,0.1117
762,2024-02-02,0.41,0.0228,0.0605,0.115
763,2024-02-03,0.44,0.014,0.0673,0.0976
764,2024-02-04,0,0.0338,0.0383,0.0546
765,2024-02-05,0,0.0972,0.0566,0.1505
766,2024-02-06,0,0.0385,0.0329,0.0419
767,2024-02-07,0.18,0.0527,0.0732,0.0998
768,2024-02-08,0.15,0.098,0.0945,0.1574
769,2024-02-09,0.44,0.0655,0.0778,0.0826
770,2024-02-10,0,0.0256,0.0958,0.1164
771,2024-02-11,0,0.0426,0.0374,0.1145
772,2024-02-12,0.1,0.0478,0.0822,0.1357
773,2024-02-13,0.13,0.0032,0.0214,0.0688
774,2024-02-14,0,0.0896,0.0411,0.0675
775,2024-02-15,0,0.0427,0.0602,0.0661
776,2024-02-16,0,0.0651,0.0122,0.0712
777,2024-02-17,0,0.0707,0.0051,0.1139
778,2024-02-18,0.49,0.0124,0.0536,0.042
779,2024-02-19,0.47,0.0679,0.0114,0.1086
780,2024-02-20,0.05,0.0038,0.0306,0.0388
781,2024-02-21,0.33,0.0919,0.0169,0.0852
782,2024-02-22,0,0.058,0.047,0.1226
783,2024-02-23,0.11,0.0078,0.0283,0.0613
784,2024-02-24,0.07,0.096,0.0492,0.0819
785,2024-02-25,0,0.0014,0.0353,0.0589
786,2024-02-26,0,0.0449,0.044,0.0455
787,2024-02-27,0.25,0.0451,0.0074,0.1159
788,2024-02-28,0,0.0063,0.0801,0.1235
789,2024-02-29,0,0.0984,0.0397,0.0763
790,2024-03-01,0,0.0762,0.0131,0.0426
791,2024-03-02,0.42,0.0001,0.0122,0.0982
792,2024-03-03,0,0.0486,0.0075,0.0288
793,2024-03-04,0.48,0.0714,0.0858,0.0916
794,2024-03-05,0,0.0808,0.0959,0.1274
795,2024-03-06,0,0.021,0.0445,0.0513
796,2024-03-07,0.33,0.0098,0.0066,0.0867
797,2024-03-08,0.49,0.0575,0.0961,0.1078
798,2024-03-09,0,0.0354,0.0385,0.1255
799,2024-03-10,0.03,0.0912,0.0389,0.1124
800,2024-03-11,0,0.0979,0.0608,0.1535
801,2024-03-12,0,0.0845,0.056,0.0704
802,2024-03-13,0.33,0.0331,0.016,0.109
803,2024-03-14,0.2,0.0665,0.0542,0.1232
804,2024-03-15,0,0.0491,0.0865,0.0589
805,2024-03-16,0.42,0.012,0.0616,0.1235
806,2024-03-17,0.25,0.063,0.099,0.1646
807,2024-03-18,0,0.0283,0.041,0.0805
808,2024-03-19,0.29,0.0418,0.077,0.0993
809,2024-03-20,0,0.085,0.0582,0.1268
810,2024-03-21,0,0.0145,0.0783,0.0613
811,2024-03-22,0,0.0057,0.0605,0.0462
812,2024-03-23,0.38,0.0136,0.0478,0.1141
813,2024-03-24,0,0.0964,0.0322,0.0857
814,2024-03-25,0.32,0.0026,0.0611,0.1219
815,2024-03-26,0.49,0.0201,0.008,0.0567
816,2024-03-27,0.02,0.0378,0.0137,0.1181
817,2024-03-28,0.11,0.0927,0.0931,0.0856
818,2024-03-29,0,0.031,0.0231,0.0961
819,2024-03-30,0,0.0693,0.0241,0.1338
820,2024-03-31,0.43,0.0478,0.0171,0.0977
821,2024-04-01,0.48,0.0079,0.0971,0.132
822,2024-04-02,0,0.0732,0.059,0.1333
823,2024-04-03,0,0.0493,0.0384,0.0742
824,2024-04-04,0,0.0756,0.0156,0.088
825,2024-04-05,0,0.0669,0.0306,0.0846
826,2024-04-06,0,0.0223,0.026,0.0778
827,2024-04-07,0,0.0094,0.0912,0.1074
828,2024-04-08,0.2,0.0119,0.0297,0.0954
829,2024-04-09,0,0.0149,0.0661,0.0684
830,2024-04-10,0.01,0.0394,0.0907,0.1344
831,2024-04-11,0,0.0277,0.0425,0.0695
832,2024-04-12,0,0.0252,0.096,0.0651
833,2024-04-13,0.18,0.0603,0.0428,0.0738
834,2024-04-14,0.05,0.022,0.0484,0.038
835,2024-04-15,0,0.0194,0.0731,0.1247
836,2024-04-16,0.03,0.0965,0.006,0.0454
837,2024-04-17,0.45,0.0797,0.0923,0.1183
838,2024-04-18,0,0.0828,0.0127,0.0629
839,2024-04-19,0.32,0.0903,0.0493,0.1554
840,2024-04-20,0.09,0.0966,0.0675,0.1514
841,2024-04-21,0.42,0.0654,0.0109,0.0397
842,2024-04-22,0.25,0.0349,0.0028,0.0351
843,2024-04-23,0,0.0011,0.0249,0.1033
844,2024-04-24,0.0,0.0764,0.0228,0.1386
845,2024-04-25,0,0.0002,0.0884,0.0434
846,2024-04-26,0.04,0.0765,0.0456,0.1441
847,2024-04-27,0,0.0934,0.0209,0.0807
848,2024-04-28,0.01,0.0511,0.0893,0.1156
849,2024-04-29,0.27,0.0339,0.066,0.1207
850,2024-04-30,0.15,0.0189,0.0048,0.1061
851,2024-05-01,0,0.0424,0.0568,0.0482
852,2024-05-02,0,0.0586,0.0043,0.1234
853,2024-05-03,0.48,0.0218,0.0954,0.1064
854,2024-05-04,0.26,0.0147,0.0449,0.1223
855,2024-05-05,0,0.065,0.0695,0.0651
856,2024-05-06,0,0.0239,0.0737,0.105
857,2024-05-07,0.01,0.0665,0.0845,0.0612
858,2024-05-08,0.31,0.0512,0.048,0.0756
859,2024-05-09,0,0.0929,0.0709,0.1335
860,2024-05-10,0.39,0.0329,0.001,0.0141
861,2024-05-11,0,0.0472,0.0931,0.0899
862,2024-05-12,0,0.0688,0.0266,0.1303
863,2024-05-13,0,0.0694,0.0564,0.1006
864,2024-05-14,0,0.0697,0.0138,0.0795
865,2024-05-15,0,0.0725,0.0994,0.1282
866,2024-05-16,0,0.0398,0.0672,0.1036
867,2024-05-17,0.15,0.0176,0.073,0.1276
868,2024-05-18,0,0.0335,0.0112,0.1103
869,2024-05-19,0.03,0.0039,0.0321,0.0665
870,2024-05-20,0.17,0.0772,0.0761,0.1407
871,2024-05-21,0.34,0.0924,0.0211,0.071
872,2024-05-22,0,0.0785,0.0482,0.0918
873,2024-05-23,0.36,0.0787,0.0223,0.0963
874,2024-05-24,0.18,0.0235,0.0711,0.0435
875,2024-05-25,0,0.0113,0.0174,0.0312
876,2024-05-26,0.4,0.0436,0.0671,0.0639
877,2024-05-27,0,0.0716,0.0905,0.1241
878,2024-05-28,0.38,0.0539,0.0144,0.1177
879,2024-05-29,0.48,0.0301,0.0939,0.0998
880,2024-05-30,0,0.0769,0.0416,0.1043
881,2024-05-31,0,0.019,0.0377,0.1057
882,2024-06-01,0,0.0497,0.0718,0.1001
883,2024-06-02,0,0.0763,0.0408,0.1373
884,2024-06-03,0.44,0.0906,0.0247,0.1323
885,2024-06-04,0.06,0.007,0.0456,0.112
886,2024-06-05,0,0.0521,0.0488,0.119
887,2024-06-06,0,0.0475,0.0094,0.0935
888,2024-06-07,0.33,0.0459,0.0233,0.0721
889,2024-06-08,0.04,0.0027,0.0203,0.0742
890,2024-06-09,0.12,0.0634,0.0946,0.1571
891,2024-06-10,0.16,0.0765,0.0152,0.116
892,2024-06-11,0.43,0.0409,0.0835,0.0979
893,2024-06-12,0,0.0136,0.0856,0.1309
894,2024-06-13,0.31,0.024,0.0077,0.1083
895,2024-06-14,0.26,0.0191,0.059,0.0531
896,2024-06-15,0,0.089,0.0819,0.1012
897,2024-06-16,0.48,0.0517,0.0534,0.0536
898,2024-06-17,0.12,0.0331,0.0485,0.0406
899,2024-06-18,0,0.0938,0.0454,0.0868
900,2024-06-19,0,0.0208,0.0102,0.0309
901,2024-06-20,0,0.0067,0.0058,0.0357
902,2024-06-21,0,0.011,0.0078,0.0526
903,2024-06-22,0.14,0.0551,0.0801,0.0776
904,2024-06-23,0.37,0.0229,0.0307,0.0773
905,2024-06-24,0,0.0535,0.032,0.0959
906,2024-06-25,0.39,0.0433,0.0602,0.0894
907,2024-06-26,0.11,0.0678,0.0501,0.1279
908,2024-06-27,0,0.0076,0.0787,0.0373
909,2024-06-28,0.19,0.0297,0.099,0.1498
910,2024-06-29,0,0.0457,0.0295,0.1173
911,2024-06-30,0.38,0.0228,0.0125,0.0768
912,2024-07-01,0,0.0344,0.0863,0.0648
913,2024-07-02,0,0.0629,0.0404,0.099
914,2024-07-03,0,0.0232,0.0102,0.099
915,2024-07-04,0,0.057,0.0226,0.0953
916,2024-07-05,0,0.0042,0.0563,0.0344
917,2024-07-06,0.23,0.0781,0.0514,0.0963
918,2024-07-07,0,0.0227,0.0229,0.0946
919,2024-07-08,0.42,0.0715,0.0929,0.0769
920,2024-07-09,0,0.0514,0.0184,0.1105
921,2024-07-10,0,0.0135,0.052,0.0886
922,2024-07-11,0.08,0.0413,0.0093,0.0583
923,2024-07-12,0.03,0.08,0.0845,0.1387
924,2024-07-13,0,0.0947,0.0359,0.1217
925,2024-07-14,0,0.089,0.0698,0.1432
926,2024-07-15,0,0.0759,0.0538,0.1407
927,2024-07-16,0.35,0.033,0.0051,0.0394
928,2024-07-17,0,0.0568,0.0414,0.1339
929,2024-07-18,0,0.0606,0.0075,0.1065
930,2024-07-19,0,0.0554,0.0547,0.1062
931,2024-07-20,0,0.0085,0.0409,0.0215
932,2024-07-21,0,0.0283,0.0257,0.0267
933,2024-07-22,0.17,0.0537,0.0432,0.1036
934,2024-07-23,0,0.0933,0.067,0.1367
935,2024-07-24,0.19,0.0562,0.0063,0.0866
936,2024-07-25,0.4,0.0362,0.0687,0.1253
937,2024-07-26,0,0.0825,0.0749,0.0639
938,2024-07-27,0,0.0381,0.0797,0.0769
939,2024-07-28,0,0.015,0.0871,0.1259
940,2024-07-29,0,0.0973,0.0866,0.155
941,2024-07-30,0.39,0.076,0.0317,0.0711
942,2024-07-31,0,0.0302,0.0808,0.0599
943,2024-08-01,0.46,0.0394,0.0275,0.1186
944,2024-08-02,0.05,0.0336,0.0892,0.1368
945,2024-08-03,0.32,0.0145,0.0696,0.1158
946,2024-08-04,0.33,0.0941,0.0472,0.0886
947,2024-08-05,0.02,0.0795,0.0701,0.1402
948,2024-08-06,0.01,0.0902,0.0823,0.085
949,2024-08-07,0.08,0.0642,0.0225,0.0983
950,2024-08-08,0,0.0514,0.0581,0.0645
951,2024-08-09,0,0.0352,0.0156,0.0416
952,2024-08-10,0.04,0.0734,0.0229,0.1154
953,2024-08-11,0,0.0497,0.0776,0.1311
954,2024-08-12,0.45,0.0734,0.0887,0.1445
955,2024-08-13,0.11,0.0122,0.0609,0.0501
956,2024-08-14,0.17,0.0783,0.0307,0.102
957,2024-08-15,0.34,0.0012,0.0375,0.0613
958,2024-08-16,0,0.0098,0.0114,0.0705
959,2024-08-17,0,0.0756,0.0517,0.1497
960,2024-08-18,0,0.0364,0.0906,0.1437
961,2024-08-19,0,0.0003,0.0471,0.0255
962,2024-08-20,0.45,0.0521,0.0547,0.1193
963,2024-08-21,0,0.0505,0.0397,0.1348
964,2024-08-22,0.48,0.0025,0.0982,0.0777
965,2024-08-23,0,0.0871,0.0628,0.0739
966,2024-08-24,0.48,0.0392,0.0111,0.0905
967,2024-08-25,0,0.0657,0.0468,0.0496
968,2024-08-26,0,0.0931,0.0312,0.1325
969,2024-08-27,0,0.0855,0.0766,0.0765
970,2024-08-28,0,0.0493,0.0945,0.1156
971,2024-08-29,0.03,0.0644,0.0088,0.0607
972,2024-08-30,0,0.0732,0.0945,0.1667
973,2024-08-31,0.08,0.025,0.0034,0.0608
974,2024-09-01,0.2,0.077,0.0808,0.1477
975,2024-09-02,0.09,0.0087,0.0464,0.1025
976,2024-09-03,0.01,0.0041,0.0034,0.0648
977,2024-09-04,0.27,0.0634,0.0688,0.1435
978,2024-09-05,0,0.0155,0.047,0.0673
979,2024-09-06,0.25,0.0676,0.0888,0.1432
980,2024-09-07,0.04,0.0585,0.047,0.0907
981,2024-09-08,0.23,0.0758,0.0913,0.1642
982,2024-09-09,0.39,0.0586,0.0857,0.073
983,2024-09-10,0.16,0.0133,0.0267,0.057
984,2024-09-11,0,0.0953,0.0172,0.098
985,2024-09-12,0.27,0.0291,0.0889,0.057
986,2024-09-13,0.38,0.0418,0.0617,0.1342
987,2024-09-14,0.35,0.079,0.0004,0.1259
988,2024-09-15,0.21,0.0647,0.0436,0.1076
989,2024-09-16,0.03,0.0478,0.0374,0.0801
990,2024-09-17,0,0.0738,0.096,0.0945
991,2024-09-18,0,0.058,0.0528,0.081
992,2024-09-19,0.43,0.0178,0.0374,0.1214
993,2024-09-20,0.32,0.0421,0.0718,0.1135
994,2024-09-21,0.03,0.0042,0.0257,0.0647
995,2024-09-22,0.47,0.0841,0.0496,0.1318
996,2024-09-23,0.47,0.0274,0.0916,0.0802
997,2024-09-24,0,0.0729,0.0334,0.1158
998,2024-09-25,0.32,0.0156,0.0196,0.1011
999,2024-09-26,0,0.0369,0.0444,0.0416
1000,2024-09-27,0.32,0.0793,0.0084,0.0478
1001,2024-09-28,0,0.02,0.0832,0.0525
1002,2024-09-29,0,0.0428,0.0168,0.1006
1003,2024-09-30,0.17,0.0753,0.0121,0.0871
1004,2024-10-01,0,0.0241,0.0458,0.0531
1005,2024-10-02,0.34,0.0844,0.063,0.0963
1006,2024-10-03,0.34,0.0967,0.0423,0.1245
1007,2024-10-04,0,0.0674,0.0387,0.0878
1008,2024-10-05,0.18,0.07,0.0172,0.0701
1009,2024-10-06,0,0.0876,0.0664,0.1526
1010,2024-10-07,0.03,0.0948,0.0351,0.1081
1011,2024-10-08,0.04,0.0471,0.0143,0.0679
1012,2024-10-09,0,0.0939,0.0501,0.1324
1013,2024-10-10,0,0.0978,0.0496,0.081
1014,2024-10-11,0,0.0126,0.082,0.1263
1015,2024-10-12,0,0.0219,0.0441,0.1201
1016,2024-10-13,0,0.0513,0.0334,0.1301
1017,2024-10-14,0.25,0.0447,0.0646,0.0772
1018,2024-10-15,0,0.0236,0.071,0.0708
1019,2024-10-16,0,0.0839,0.0681,0.1049
1020,2024-10-17,0,0.0268,0.0028,0.0695
1021,2024-10-18,0.45,0.076,0.0953,0.1468
1022,2024-10-19,0,0.0578,0.0551,0.1009
1023,2024-10-20,0.49,0.0079,0.0817,0.067
1024,2024-10-21,0,0.0482,0.0816,0.1481
1025,2024-10-22,0.33,0.072,0.0571,0.0719
1026,2024-10-23,0,0.0709,0.0395,0.1218
1027,2024-10-24,0,0.0929,0.0525,0.1309
1028,2024-10-25,0,0.0106,0.0936,0.0668
1029,2024-10-26,0.38,0.0782,0.0609,0.0884
1030,2024-10-27,0,0.0076,0.0289,0.0952
1031,2024-10-28,0.42,0.0026,0.0202,0.0689
1032,2024-10-29,0,0.0028,0.025,0.0712
1033,2024-10-30,0,0.0032,0.061,0.0624
1034,2024-10-31,0.2,0.0056,0.0713,0.1272
1035,2024-11-01,0,0.0298,0.0333,0.032
1036,2024-11-02,0.18,0.0654,0.0035,0.0686
1037,2024-11-03,0,0.0003,0.0536,0.0906
1038,2024-11-04,0,0.0963,0.0893,0.1274
1039,2024-11-05,0,0.0284,0.0378,0.1101
1040,2024-11-06,0.0,0.0631,0.0069,0.1179
1041,2024-11-07,0.35,0.0665,0.0371,0.1292
1042,2024-11-08,0,0.0784,0.0601,0.0714
1043,2024-11-09,0,0.0835,0.0452,0.0631
1044,2024-11-10,0.19,0.0359,0.079,0.1254
1045,2024-11-11,0,0.0639,0.0633,0.0922
1046,2024-11-12,0,0.0315,0.0811,0.1215
1047,2024-11-13,0.15,0.0269,0.0541,0.0337
1048,2024-11-14,0.16,0.0348,0.0343,0.087
1049,2024-11-15,0,0.0198,0.0313,0.0488
1050,2024-11-16,0.3,0.0137,0.0533,0.0825
1051,2024-11-17,0.11,0.0722,0.036,0.0958
1052,2024-11-18,0.45,0.0108,0.0636,0.0372
1053,2024-11-19,0.2,0.0694,0.0179,0.1072
1054,2024-11-20,0.06,0.0799,0.0972,0.0981
1055,2024-11-21,0,0.0631,0.0727,0.0873
1056,2024-11-22,0.31,0.0777,0.0123,0.1156
1057,2024-11-23,0,0.0644,0.0951,0.1596
1058,2024-11-24,0.26,0.0001,0.0003,0.0041
1059,2024-11-25,0,0.031,0.0954,0.098
1060,2024-11-26,0.23,0.001,0.0241,0.0307
1061,2024-11-27,0.03,0.0951,0.09,0.1522
1062,2024-11-28,0,0.0598,0.0757,0.06
1063,2024-11-29,0.32,0.0552,0.0305,0.0455
1064,2024-11-30,0,0.0638,0.0699,0.12
1065,2024-12-01,0.27,0.0614,0.0063,0.1202
1066,2024-12-02,0,0.0613,0.0807,0.1516
1067,2024-12-03,0.11,0.0941,0.0055,0.0995
1068,2024-12-04,0,0.0893,0.0902,0.0722
1069,2024-12-05,0,0.0645,0.0229,0.0664
1070,2024-12-06,0.02,0.0482,0.0684,0.0671
1071,2024-12-07,0,0.0275,0.0935,0.0806
1072,2024-12-08,0,0.0651,0.0773,0.1332
1073,2024-12-09,0.42,0.0678,0.0931,0.1224
1074,2024-12-10,0.14,0.0899,0.0424,0.1113
1075,2024-12-11,0.2,0.0315,0.0659,0.1011
1076,2024-12-12,0.19,0.0711,0.0153,0.0578
1077,2024-12-13,0,0.0957,0.0119,0.0719
1078,2024-12-14,0,0.081,0.0601,0.0712
1079,2024-12-15,0.38,0.0682,0.0072,0.0454
1080,2024-12-16,0.01,0.0315,0.0829,0.0775
1081,2024-12-17,0.09,0.0049,0.028,0.0226
1082,2024-12-18,0.3,0.0166,0.081,0.0486
1083,2024-12-19,0.08,0.0317,0.0502,0.1157
1084,2024-12-20,0.41,0.0445,0.0293,0.0447
1085,2024-12-21,0,0.0997,0.0614,0.1589
1086,2024-12-22,0.48,0.0023,0.0168,0.0474
1087,2024-12-23,0,0.099,0.0528,0.1115
1088,2024-12-24,0.07,0.0536,0.0786,0.0885
1089,2024-12-25,0,0.0461,0.0933,0.0947
1090,2024-12-26,0.42,0.0328,0.0688,0.1013
1091,2024-12-27,0,0.0051,0.0674,0.0465
1092,2024-12-28,0.38,0.0702,0.05,0.1181
1093,2024-12-29,0,0.0109,0.0861,0.0874
1094,2024-12-30,0.04,0.0109,0.0352,0.028
